City,Country,Latitude,Longitude,Date,Max Temperature,Humidity,Wind Speed,Cloudiness
Saint-Philippe,RE,-21.36,55.77,1563831304,64.4,82,5.82,24
Khatanga,RU,71.98,102.47,1563831297,64.61,73,10.27,100
Rikitea,PF,-23.12,-134.97,1563831301,68.93,75,20.4,0
Hithadhoo,MV,-0.6,73.08,1563831317,83.15,76,10.83,74
Hobart,AU,-42.88,147.33,1563831323,48.99,70,10.29,89
Saskylakh,RU,71.97,114.09,1563831394,68.21,43,11.5,40
Katsuura,JP,33.93,134.5,1563831342,77.0,100,3.36,75
Port Macquarie,AU,-31.43,152.91,1563831813,48.0,87,6.93,0
Hirara,JP,24.8,125.28,1563831301,82.79,80,7.23,99
Chokurdakh,RU,70.62,147.9,1563831349,38.15,68,2.73,56
Sola,VU,-13.88,167.55,1563831813,76.49,74,19.17,100
Cape Town,ZA,-33.93,18.42,1563831096,57.99,82,28.86,40
Ponta do Sol,CV,17.2,-25.09,1563831313,78.8,74,14.99,75
Eyl,SO,7.98,49.82,1563831326,76.85,59,29.01,24
Bredasdorp,ZA,-34.53,20.04,1563831251,63.0,67,10.29,0
Srednekolymsk,RU,67.46,153.71,1563831369,40.13,90,11.48,100
Kodiak,US,39.95,-94.76,1563831316,81.0,44,13.87,20
Margate,ZA,-30.86,30.37,1563831343,60.29,16,8.12,0
Vaini,TO,-21.2,-175.2,1563831306,73.4,69,10.29,75
Puerto Cabezas,NI,14.04,-83.39,1563831815,86.0,79,9.17,40
Voh,NC,-20.95,164.69,1563831815,65.69,70,5.82,0
Seoul,KR,37.57,126.98,1563831756,78.8,106,1.12,90
Surt,LY,31.21,16.59,1563831816,78.65,75,12.19,0
Ushuaia,AR,-54.81,-68.31,1563831304,35.6,80,5.82,75
Nisia Floresta,BR,-6.09,-35.21,1563831816,78.8,74,11.41,20
Busselton,AU,-33.64,115.35,1563831306,55.0,72,13.67,100
Lebu,CL,-37.62,-73.65,1563831324,50.03,66,19.28,0
San Patricio,MX,19.22,-104.7,1563831318,89.6,66,17.22,40
Port Alfred,ZA,-33.59,26.89,1563831305,57.99,89,1.99,0
Geraldton,CA,49.72,-86.95,1563831817,69.8,49,13.87,75
Itarema,BR,-2.92,-39.92,1563831315,78.83,70,11.05,2
Cururupu,BR,-1.82,-44.87,1563831818,78.47,78,2.21,81
Sao Jose da Coroa Grande,BR,-8.9,-35.15,1563831435,70.73,92,5.73,32
Kadhan,PK,24.48,68.99,1563831818,86.39,71,14.23,90
Pisz,PL,53.63,21.81,1563831818,59.0,77,3.36,0
La Asuncion,VE,11.03,-63.86,1563831369,86.0,70,15.66,20
Pandaria,IN,22.22,81.41,1563831819,75.95,80,2.13,75
Castro,CL,-42.48,-73.76,1563831242,46.4,75,6.93,75
Tuatapere,NZ,-46.13,167.69,1563831319,44.01,97,3.0,98
Nanortalik,GL,60.14,-45.24,1563831352,39.77,93,5.14,99
Qaanaaq,GL,77.48,-69.36,1563831327,39.05,85,14.34,100
Hermanus,ZA,-34.42,19.24,1563831326,63.0,66,7.0,2
Aksarka,RU,66.56,67.8,1563831383,53.99,74,15.1,81
Florianopolis,BR,-27.6,-48.55,1563831538,73.0,82,4.7,0
Punta Arenas,CL,-53.16,-70.91,1563831301,37.4,93,13.87,75
Luchegorsk,RU,46.44,134.3,1563831820,66.95,97,4.05,100
Butaritari,KI,3.07,172.79,1563831201,84.77,71,9.37,100
Jamestown,SH,-15.94,-5.72,1563831305,69.65,76,20.33,2
Ilulissat,GL,69.22,-51.1,1563831345,53.6,66,3.36,5
Nikolskoye,RU,59.7,30.79,1563831334,60.8,67,2.91,0
Puerto Ayora,EC,-0.74,-90.35,1563831313,80.6,57,18.34,40
Dorverden,DE,52.85,9.23,1563831822,73.4,77,4.7,0
Te Anau,NZ,-45.41,167.72,1563831386,42.29,87,1.95,100
Tiksi,RU,71.64,128.87,1563831372,56.15,42,9.93,58
Lesosibirsk,RU,58.22,92.49,1563831822,50.03,97,3.13,70
Bluff,NZ,-46.6,168.33,1563831310,44.01,97,3.0,92
Cherskiy,RU,68.75,161.3,1563831349,37.43,94,10.09,100
Mitsamiouli,KM,-11.38,43.28,1563831314,73.4,60,24.16,20
Coquimbo,CL,-29.95,-71.34,1563831375,59.0,51,11.41,0
Vanimo,PG,-2.67,141.3,1563831367,81.71,75,9.1,100
North Bend,US,43.41,-124.22,1563831823,68.0,68,17.22,1
Tuktoyaktuk,CA,69.44,-133.03,1563831319,53.6,93,5.82,90
Berlevag,NO,70.86,29.09,1563831383,64.4,82,20.8,0
Bay Roberts,CA,47.58,-53.28,1563831824,70.0,72,17.22,20
Sitka,US,37.17,-99.65,1563831329,84.99,43,1.99,1
Vestmannaeyjar,IS,63.44,-20.27,1563831824,54.17,90,9.73,98
College,US,64.86,-147.8,1563831325,77.0,44,1.63,1
Kongolo,CD,-5.39,27.0,1563831825,72.17,29,4.97,0
Esperance,AU,-33.86,121.89,1563831312,51.8,81,12.75,90
East London,ZA,-33.02,27.91,1563831278,61.01,33,2.68,0
Quatre Cocos,MU,-20.21,57.76,1563831397,69.8,68,10.29,40
Pevek,RU,69.7,170.27,1563831308,30.95,98,13.02,100
Eenhana,NA,-17.48,16.34,1563831825,56.69,14,4.56,0
Grindavik,IS,63.84,-22.43,1563831568,59.0,72,4.7,75
Port Elizabeth,ZA,-33.92,25.57,1563831341,53.6,93,2.24,0
Puerto Escondido,MX,15.86,-97.07,1563831376,87.8,66,11.41,75
Ouesso,CG,1.61,16.05,1563831826,70.55,90,2.33,0
Labytnangi,RU,66.66,66.39,1563831827,52.37,74,3.91,78
Iqaluit,CA,63.75,-68.52,1563831324,46.4,75,12.75,40
Benguela,AO,-12.58,13.4,1563831827,69.11,85,9.57,96
Lagos,PT,37.1,-8.67,1563831740,79.0,78,6.93,0
Anandpur Sahib,IN,31.23,76.5,1563831827,85.31,62,2.73,0
Yellowknife,CA,62.45,-114.38,1563831307,80.6,32,10.29,20
Ribeira Grande,PT,38.52,-28.7,1563831323,73.4,73,10.29,20
Alamosa,US,37.47,-105.87,1563831828,80.6,22,13.87,1
Nouadhibou,MR,20.93,-17.03,1563831828,69.8,77,21.92,0
Cabo San Lucas,MX,22.89,-109.91,1563831119,93.0,66,16.11,40
Safford,US,32.83,-109.71,1563831829,97.0,23,5.82,1
Albany,AU,-35.02,117.88,1563831309,53.6,100,8.05,75
Odessa,US,31.85,-102.37,1563831829,95.0,48,9.17,90
Santa Cruz de la Palma,ES,28.68,-17.76,1563831829,71.6,68,18.34,10
Monrovia,LR,6.33,-10.8,1563831829,77.0,94,17.02,75
Kaitangata,NZ,-46.28,169.85,1563831403,46.0,92,3.0,87
Lichinga,MZ,-13.3,35.25,1563831830,55.97,68,4.7,0
New Norfolk,AU,-42.78,147.06,1563831320,48.99,70,10.29,89
Kapaa,US,22.08,-159.32,1563831329,82.4,78,14.99,90
Baykit,RU,61.68,96.39,1563831364,53.81,73,5.06,27
Hofn,IS,64.25,-15.21,1563831404,40.13,96,11.18,100
Morant Bay,JM,17.88,-76.41,1563831831,86.0,62,24.16,40
Provideniya,RU,64.42,-173.23,1563831215,50.0,87,13.42,90
Isla Vista,US,34.41,-119.86,1563831831,96.01,31,11.41,0
Mae Hong Son,TH,19.3,97.97,1563831832,69.83,98,3.11,100
Georgetown,SH,-7.93,-14.42,1563831325,75.2,64,16.11,20
Aklavik,CA,68.22,-135.01,1563831383,71.6,56,2.24,40
Saldanha,ZA,-33.01,17.94,1563831302,55.4,93,19.46,82
Terrasini,IT,38.15,13.08,1563831832,84.0,78,11.41,0
Najran,SA,17.54,44.22,1563831833,87.8,19,4.07,0
Peniche,PT,39.36,-9.38,1563831833,66.2,88,16.11,20
Kabanjahe,ID,3.1,98.49,1563831833,69.11,98,2.13,59
Xining,CN,36.62,101.77,1563831833,45.71,80,3.49,16
Atuona,PF,-9.8,-139.03,1563831344,79.55,76,14.76,2
Berdigestyakh,RU,62.1,126.7,1563831834,57.05,67,2.55,0
Raahe,FI,64.68,24.47,1563831662,68.0,56,4.7,0
Klaksvik,FO,62.23,-6.59,1563831363,51.8,93,2.24,0
San Andres,CO,8.22,-76.58,1563831834,87.8,66,4.7,75
Kangaatsiaq,GL,68.31,-53.46,1563831835,44.63,89,10.16,0
At-Bashi,KG,41.17,75.81,1563831431,54.89,61,5.32,6
Barrow,US,39.51,-90.4,1563831324,84.0,57,12.75,75
Excelsior Springs,US,39.34,-94.23,1563831835,82.4,39,16.11,40
Tateyama,JP,36.66,137.31,1563831835,75.99,94,2.24,75
Coihaique,CL,-45.58,-72.07,1563831409,44.6,99,4.7,75
Walvis Bay,NA,-22.95,14.51,1563831836,60.8,87,2.24,0
Poronaysk,RU,49.22,143.1,1563831423,61.19,92,3.53,98
Belmonte,BR,-26.84,-53.58,1563831327,71.99,68,3.15,59
Anadyr,RU,64.73,177.51,1563831837,51.01,66,8.95,0
Tres Picos,MX,16.23,-93.58,1563831837,78.29,85,1.88,97
Ukiah,US,39.15,-123.21,1563831703,95.0,23,9.17,1
Ostrovnoy,RU,68.05,39.51,1563831325,49.49,61,6.76,3
Jalu,LY,29.03,21.55,1563831837,82.43,40,18.68,0
Guerrero Negro,MX,27.97,-114.04,1563831344,70.73,75,10.89,66
Nicoya,CR,10.15,-85.45,1563831838,87.8,62,13.87,75
Ilebo,CD,-4.33,20.59,1563831838,74.33,37,0.58,57
Vanavara,RU,60.35,102.28,1563831432,53.45,77,4.56,51
Salinopolis,BR,-0.61,-47.36,1563831364,81.53,78,15.41,31
Birjand,IR,32.86,59.22,1563831584,77.0,33,9.17,0
Mnogovershinnyy,RU,53.94,139.92,1563831839,52.91,98,7.38,100
Concepcion,PY,-23.41,-57.43,1563831839,83.51,46,4.5,90
Bethel,US,60.79,-161.76,1563831322,66.2,72,4.7,75
Cayenne,GF,4.94,-52.33,1563831686,77.0,94,1.12,75
Kavieng,PG,-2.57,150.8,1563831308,81.35,82,16.75,61
Mana,GF,5.67,-53.78,1563831840,78.83,92,3.06,61
Paamiut,GL,61.99,-49.67,1563831840,39.95,94,11.59,36
Mount Gambier,AU,-37.83,140.78,1563831364,46.4,87,10.29,75
Avarua,CK,-21.21,-159.78,1563831335,77.0,83,13.87,87
Lukovetskiy,RU,64.29,41.92,1563831841,55.4,82,4.47,0
Yumen,CN,40.29,97.04,1563831386,69.65,44,9.24,60
Zaraza,VE,9.35,-65.33,1563831841,88.55,66,2.42,5
Dikson,RU,73.51,80.55,1563831309,35.09,93,12.88,100
Yemelyanovo,RU,56.17,92.69,1563831842,55.4,93,0.98,84
Labuhan,ID,-2.54,115.51,1563831842,69.65,86,1.54,27
Hervey Bay,AU,-25.3,152.85,1563831842,60.01,93,3.36,0
Upernavik,GL,72.79,-56.15,1563831382,43.55,84,10.49,0
Chapais,CA,49.78,-74.86,1563831842,68.0,45,14.99,90
Bocas del Toro,PA,9.33,-82.25,1563831758,82.07,78,7.2,22
Beloha,MG,-25.17,45.06,1563831843,55.79,71,6.29,0
Nome,US,30.04,-94.42,1563831320,88.0,88,5.82,40
Babu,CN,23.23,104.89,1563831843,64.79,97,3.96,100
Bubaque,GW,11.28,-15.83,1563831323,79.91,85,16.2,99
Tual,ID,-5.67,132.75,1563831844,76.13,81,20.78,57
Saint George,BM,32.38,-64.68,1563831332,87.01,74,12.75,40
Adrar,DZ,27.87,-0.29,1563831844,102.2,14,13.87,0
El Pueblito,MX,29.42,-110.4,1563831844,100.99,30,3.0,19
Norman Wells,CA,65.28,-126.83,1563831375,75.2,50,6.93,75
Fuerte Olimpo,PY,-21.04,-57.87,1563831845,89.09,39,7.45,0
Oranjemund,NA,-28.55,16.43,1563831378,55.61,93,16.17,48
Bouna,CI,9.27,-3.0,1563831845,74.51,84,4.94,38
Hanzhong,CN,33.08,107.03,1563831845,67.31,85,1.88,93
Tasiilaq,GL,65.61,-37.64,1563831316,46.4,87,8.05,1
Hilo,US,19.71,-155.08,1563831314,78.8,74,3.36,90
Aktanysh,RU,55.72,54.06,1563831846,55.97,95,5.86,0
Chuy,UY,-33.69,-53.46,1563831313,53.63,83,12.28,99
Ciro Marina,IT,39.37,17.13,1563831846,80.27,53,7.54,0
Monte Alegre,BR,-2.0,-54.07,1563831846,85.67,59,3.94,23
Dubova,RO,44.62,22.26,1563831847,66.99,77,4.34,27
Souillac,MU,-20.52,57.52,1563831339,69.8,68,10.29,40
Yar-Sale,RU,66.83,70.83,1563831847,52.91,74,13.06,2
Tilichiki,RU,60.47,166.1,1563831848,53.45,69,2.08,100
Sisimiut,GL,66.94,-53.67,1563831351,39.59,97,18.48,91
Faanui,PF,-16.48,-151.75,1563831335,78.83,81,20.89,20
Mattru,SL,7.62,-11.83,1563831848,74.51,95,5.75,100
Alofi,NU,-19.06,-169.92,1563831415,75.2,57,10.29,20
Neiafu,TO,-18.65,-173.98,1563831849,71.6,73,3.36,20
Daru,PG,-9.07,143.21,1563831390,73.97,93,7.76,100
Auki,SB,-8.77,160.7,1563831849,81.89,80,22.08,34
Rawson,AR,-43.3,-65.11,1563831849,43.91,49,9.04,0
Hasaki,JP,35.73,140.83,1563831342,72.0,100,3.36,75
Turukhansk,RU,65.8,87.96,1563831337,57.05,60,3.58,13
Lalibela,ET,12.04,39.05,1563831850,59.39,81,3.6,100
Smithers,CA,54.78,-127.17,1563831575,68.0,64,4.7,20
Teguldet,RU,57.31,88.17,1563831387,45.89,97,2.62,0
Saint Andrews,CA,45.08,-67.06,1563831850,73.0,67,3.0,100
Longyearbyen,SJ,78.22,15.64,1563831060,46.4,75,0.56,20
Fethiye,TR,36.62,29.12,1563831573,73.4,78,5.82,0
Mahebourg,MU,-20.41,57.7,1563831407,69.8,68,10.29,40
Pak Phanang,TH,8.35,100.2,1563831851,77.21,85,3.29,100
Darnah,LY,32.77,22.64,1563831852,78.83,76,17.52,0
Nakkila,FI,61.37,22.0,1563831852,60.8,82,4.7,70
Kavaratti,IN,10.57,72.64,1563831364,82.97,77,22.68,100
Valparaiso,CL,-33.04,-71.63,1563831433,55.4,66,16.11,0
Lichuan,CN,30.3,108.94,1563831852,70.73,96,3.33,100
Carahue,CL,-38.71,-73.16,1563831853,48.2,66,5.82,20
Dingle,IE,52.14,-10.27,1563831353,62.09,93,31.18,65
Dillon,US,45.22,-112.64,1563831631,79.0,73,5.82,75
Poum,NC,-20.23,164.02,1563831338,69.29,62,7.38,39
Sur,OM,22.57,59.53,1563831853,78.47,80,13.65,33
Saint-Augustin,CA,45.63,-73.98,1563831348,73.99,60,2.24,75
Tautira,PF,-17.73,-149.15,1563831854,82.4,65,20.8,40
Saint-Pierre,PM,46.77,-56.17,1563831854,64.4,72,25.28,0
Broome,AU,-17.97,122.23,1563831826,59.0,41,8.05,0
Santa Cruz Cabralia,BR,-16.28,-39.02,1563831855,75.2,73,8.05,40
Usinsk,RU,66.0,57.56,1563831855,57.95,86,22.03,97
Yarensk,RU,62.17,49.09,1563831855,54.53,98,5.66,100
Beira,MZ,-19.84,34.84,1563831855,57.77,79,2.51,0
Tutin,RS,42.99,20.34,1563831855,55.43,93,2.37,5
Saint-Francois,GP,16.25,-61.27,1563831373,80.6,88,14.99,1
Buraydah,SA,26.33,43.97,1563831856,91.4,21,5.82,0
Okahandja,NA,-21.98,16.91,1563831856,55.4,12,4.7,0
Zhenlai,CN,45.84,123.2,1563831856,81.0,44,3.0,100
Kadyy,RU,57.79,43.19,1563831857,53.63,93,4.59,0
Sabang,ID,1.17,120.82,1563831857,79.01,75,7.99,26
Dongsheng,CN,29.72,112.52,1563831857,81.71,81,9.46,0
Gizo,SB,-8.1,156.84,1563831820,81.53,79,20.15,25
Nata,BW,-20.21,26.19,1563831858,57.95,45,10.69,0
Hualmay,PE,-11.1,-77.61,1563831312,61.73,88,17.18,50
Motril,ES,36.75,-3.52,1563831759,87.8,33,16.11,20
Grand Gaube,MU,-20.01,57.66,1563831858,69.8,68,10.29,40
Olesnica,PL,51.21,17.39,1563831859,70.0,60,5.82,100
Talnakh,RU,69.49,88.39,1563831365,57.2,100,15.66,0
Cockburn Town,BS,24.03,-74.52,1563831859,83.51,77,14.18,13
Huarmey,PE,-10.07,-78.15,1563831347,62.63,87,17.92,9
Rampura,IN,24.47,75.44,1563831860,85.13,66,6.82,95
Ancud,CL,-41.87,-73.83,1563831400,46.4,75,6.93,75
Honiara,SB,-9.43,159.96,1563831860,77.0,88,15.75,40
Atambua,ID,-9.11,124.89,1563831860,73.25,74,11.9,0
Sydney Mines,CA,46.24,-60.22,1563831860,75.99,49,10.29,75
Hit,IQ,33.64,42.83,1563831422,89.99,14,9.24,0
Novyy Urgal,RU,51.07,132.56,1563831861,66.05,96,4.97,89
Makakilo City,US,21.35,-158.09,1563831403,86.0,58,10.29,75
Thompson,CA,55.74,-97.86,1563831318,84.2,35,5.82,75
Moramanga,MG,-18.95,48.23,1563831861,44.27,93,5.35,5
Carnarvon,AU,-24.87,113.63,1563831360,50.0,100,9.17,0
Hermosillo,MX,29.09,-110.96,1563831851,100.99,33,4.7,40
Terrace Bay,CA,48.78,-87.1,1563831862,77.0,27,10.29,75
Zhuhai,CN,40.71,112.04,1563831862,64.4,93,2.24,75
Usolye,RU,59.42,56.68,1563831862,52.0,94,2.3,68
Hamilton,BM,32.3,-64.78,1563831863,87.01,74,12.75,40
Tra Vinh,VN,9.93,106.35,1563831863,77.75,88,3.78,100
Iracoubo,GF,5.48,-53.21,1563831864,79.91,80,6.02,9
Bambous Virieux,MU,-20.34,57.76,1563831362,69.8,68,10.29,40
Yamada,JP,36.58,137.08,1563831864,75.99,94,2.24,75
Iznoski,RU,54.99,35.31,1563831864,60.29,98,3.22,100
Cidreira,BR,-30.17,-50.22,1563831407,65.51,93,3.65,100
Ornskoldsvik,SE,63.29,18.72,1563831424,62.6,82,2.77,7
Okhotsk,RU,59.36,143.24,1563831865,55.97,66,4.47,100
Elko,US,40.83,-115.76,1563831158,97.0,16,6.93,1
Severo-Kurilsk,RU,50.68,156.12,1563831389,45.71,94,14.25,100
Husavik,IS,66.04,-17.34,1563831431,57.2,62,4.7,90
Cristalina,BR,-16.77,-47.61,1563831608,69.47,55,6.87,95
Pula,HR,44.87,13.85,1563831866,80.01,64,3.36,0
Halifax,CA,44.65,-63.58,1563831719,77.0,78,2.24,75
Dali,CN,25.6,100.24,1563831307,60.83,99,2.75,100
Rocha,UY,-34.48,-54.34,1563831342,48.23,78,7.36,97
Buala,SB,-8.15,159.59,1563831310,79.91,81,10.04,81
Gazi,KE,-4.42,39.51,1563831867,73.4,83,6.93,20
Namibe,AO,-15.19,12.15,1563831867,64.61,87,16.13,100
Santa Maria,CV,16.6,-22.9,1563831867,77.0,78,21.92,75
Bandarbeyla,SO,9.49,50.81,1563831320,76.49,62,28.43,0
Nueve de Julio,AR,-31.67,-68.39,1563831868,55.79,22,15.12,0
Cleveland,US,41.51,-81.69,1563831727,75.2,53,8.05,40
Inirida,CO,3.87,-67.92,1563831868,83.51,74,2.68,88
Canguaretama,BR,-6.38,-35.14,1563831868,78.8,74,11.41,20
Pisco,PE,-13.71,-76.2,1563831414,71.6,30,8.05,90
Arraial do Cabo,BR,-22.97,-42.02,1563831338,71.6,83,17.22,0
Victoria,SC,-4.62,55.45,1563831091,78.8,74,8.05,97
Antalaha,MG,-14.9,50.28,1563831869,60.47,94,3.78,88
Tarko-Sale,RU,64.92,77.78,1563831869,61.0,89,10.85,100
Vardo,NO,70.37,31.11,1563831331,64.4,63,4.7,0
Payson,US,40.04,-111.73,1563831870,99.0,14,4.7,40
Collierville,US,35.04,-89.66,1563831762,82.0,94,7.54,20
Lakatoro,VU,-16.11,167.42,1563831425,72.89,71,10.87,5
Lisakovsk,KZ,52.55,62.49,1563831870,65.51,70,5.79,91
Marovoay,MG,-16.11,46.64,1563831870,66.2,77,4.7,0
Ugoofaaru,MV,5.67,73.0,1563831871,83.15,79,14.74,99
Muana,BR,-1.53,-49.22,1563831871,81.89,70,2.8,89
Braganca,PT,41.81,-6.76,1563831774,75.99,23,6.93,30
Maningrida,AU,-12.05,134.23,1563831871,55.07,94,6.8,96
Kirakira,SB,-10.46,161.92,1563831871,78.47,82,8.93,3
Jiujiang,CN,29.73,115.99,1563831872,79.19,92,4.45,0
Touros,BR,-5.2,-35.46,1563831872,77.0,83,9.17,40
Gimli,CA,50.63,-96.99,1563831872,80.01,29,5.99,30
Nyurba,RU,63.29,118.35,1563831873,54.89,66,3.74,0
Grand-Santi,GF,4.27,-54.38,1563831873,77.75,96,3.13,15
Trapani,IT,38.02,12.54,1563831873,84.0,78,11.41,0
Vinh,VN,18.67,105.69,1563831874,79.91,70,3.2,100
Naples,US,26.14,-81.79,1563831801,91.99,66,9.17,1
Blagoyevo,RU,63.37,47.92,1563831875,53.27,97,9.71,100
Rundu,NA,-17.91,19.77,1563831875,57.2,22,2.24,0
Kununurra,AU,-15.77,128.74,1563831262,57.2,87,3.91,0
Vao,NC,-22.67,167.48,1563831875,68.03,58,11.48,67
Vila Velha,BR,-3.71,-38.6,1563831232,80.6,69,17.22,75
Itatskiy,RU,56.07,89.04,1563831876,46.79,95,4.18,0
Pathein,MM,16.78,94.73,1563831876,78.83,91,4.99,100
Barcelos,BR,-0.97,-62.93,1563831876,81.89,82,1.74,100
Axim,GH,4.87,-2.24,1563831330,76.31,89,12.82,77
Yarega,RU,63.43,53.58,1563831877,58.49,99,2.51,100
Alekseyevsk,RU,57.84,108.35,1563831877,53.27,70,5.39,57
Skjervoy,NO,70.03,20.97,1563831877,53.81,97,4.16,100
Banjar,ID,-7.37,108.54,1563831877,69.65,96,1.34,90
Dawei,MM,14.07,98.19,1563831877,82.43,83,10.83,84
Pemberton,CA,50.32,-122.8,1563831878,80.6,32,6.22,20
Orlik,RU,52.51,99.83,1563831878,44.81,85,1.5,88
Nantucket,US,41.28,-70.1,1563831224,80.01,88,5.82,90
Ahipara,NZ,-35.17,173.16,1563831436,51.01,100,13.85,35
Bilibino,RU,68.06,166.44,1563831852,32.93,89,3.2,100
Alta Floresta,BR,-9.87,-56.08,1563831280,93.2,32,3.36,0
Caravelas,BR,-17.73,-39.27,1563831407,72.89,79,11.99,94
Kilindoni,TZ,-7.91,39.67,1563831777,77.75,69,24.87,25
Oriximina,BR,-1.77,-55.87,1563831880,87.47,56,8.39,0
Nakhon Sawan,TH,15.7,100.13,1563831880,80.09,82,4.56,100
Sao Filipe,CV,14.9,-24.5,1563831339,76.13,84,12.12,61
Stornoway,GB,58.21,-6.39,1563831880,60.01,100,14.99,100
Lagoa,PT,37.14,-8.45,1563831152,79.0,83,8.05,0
Shenjiamen,CN,29.96,122.3,1563831358,80.09,83,22.32,64
Emerald,AU,-23.53,148.16,1563831881,48.2,100,4.7,0
Przasnysz,PL,53.02,20.88,1563831881,66.99,77,3.36,0
Luau,AO,-10.71,22.22,1563831881,61.37,28,1.99,0
San Policarpo,PH,12.18,125.51,1563831882,76.85,85,5.08,69
Kahului,US,20.89,-156.47,1563831882,89.6,43,16.11,40
Marsa Matruh,EG,31.35,27.25,1563831335,78.8,78,6.93,0
Deputatskiy,RU,69.3,139.9,1563831342,38.87,71,3.47,72
Necocli,CO,8.42,-76.79,1563831883,87.8,66,4.7,75
Melbourne,AU,-37.81,144.96,1563831609,54.0,76,11.41,90
Aberystwyth,GB,52.41,-4.08,1563831883,66.99,92,1.01,17
Atar,MR,20.52,-13.05,1563831883,103.49,14,9.13,53
ChengDe,CN,40.97,117.93,1563831884,63.17,97,4.52,100
Sioux Lookout,CA,50.1,-91.92,1563831884,71.6,82,10.29,90
Cam Ranh,VN,11.92,109.15,1563831884,82.4,74,1.12,20
Sorland,NO,67.67,12.69,1563831357,52.01,91,2.28,0
Bathsheba,BB,13.22,-59.52,1563831885,84.2,74,17.22,75
Korla,CN,41.76,86.15,1563831885,75.0,67,8.01,96
Port Hedland,AU,-20.31,118.58,1563831275,57.2,30,6.93,8
Pangkalanbuun,ID,-2.68,111.62,1563831376,69.65,99,1.14,8
Port Blair,IN,11.67,92.75,1563831400,80.6,94,2.24,40
Waipawa,NZ,-39.94,176.59,1563831886,46.99,96,1.88,100
Los Llanos de Aridane,ES,28.66,-17.92,1563831431,71.6,68,18.34,0
Queanbeyan,AU,-35.35,149.23,1563831886,45.0,81,17.22,15
Mar del Plata,AR,-46.43,-67.52,1563831337,41.03,54,15.52,20
Bermeo,ES,43.42,-2.72,1563831887,77.0,88,3.36,0
Finschhafen,PG,-6.6,147.85,1563831887,63.89,100,2.04,100
Misasi,TZ,-3.01,33.09,1563831887,67.67,36,5.57,0
Lompoc,US,34.64,-120.46,1563831319,84.0,64,14.99,1
Luancheng,CN,37.88,114.65,1563831888,75.2,100,2.24,90
Khorixas,NA,-20.37,14.96,1563831888,52.01,77,2.21,0
Lorengau,PG,-2.02,147.27,1563831334,79.55,80,5.84,99
Mayumba,GA,-3.44,10.65,1563831888,71.81,87,8.7,32
Kurush,RU,41.28,47.83,1563831889,75.2,73,2.24,20
Haines Junction,CA,60.75,-137.51,1563831889,67.31,44,4.56,66
Loreto,MX,22.27,-101.99,1563831889,77.57,31,7.36,80
Venado Tuerto,AR,-33.75,-61.97,1563831889,46.0,55,7.87,100
Evensk,RU,61.92,159.24,1563831367,48.59,51,11.16,42
Tura,RU,64.27,100.22,1563831404,55.07,77,2.86,100
Salalah,OM,17.01,54.1,1563831193,78.8,94,2.24,90
Jobabo,CU,20.91,-77.28,1563831890,87.83,62,2.28,73
Tobol,KZ,52.68,62.58,1563831890,62.99,81,2.68,83
Koroni,GR,36.8,21.96,1563831891,79.0,78,5.88,0
Yilan,CN,43.11,129.52,1563831891,66.59,94,0.96,29
Diego de Almagro,CL,-26.39,-70.05,1563831891,52.01,76,6.15,100
Kanigoro,ID,-8.13,112.22,1563831892,67.85,95,5.88,38
Mananjary,MG,-19.16,46.8,1563831892,49.13,60,5.37,0
Marsh Harbour,BS,26.54,-77.06,1563831321,84.59,74,15.82,100
Nemuro,JP,43.32,145.57,1563831321,57.05,90,13.24,60
Natalio,PY,-26.76,-55.14,1563831892,71.45,74,2.59,100
Torbay,CA,47.66,-52.73,1563831312,70.0,72,17.22,20
Fortuna,US,40.6,-124.16,1563831363,69.01,52,14.99,20
Narsaq,GL,60.91,-46.05,1563831420,59.0,54,8.05,75
Port Hardy,CA,50.7,-127.42,1563831893,69.8,52,9.17,40
Haverfordwest,GB,51.8,-4.97,1563831893,68.0,93,9.17,44
Rosarito,MX,27.04,-109.91,1563831893,100.0,30,4.7,40
Novopavlovka,RU,51.21,109.22,1563831894,54.53,87,7.16,100
Portobelo,PA,9.55,-79.65,1563831894,82.4,88,6.93,75
Arman,RU,59.7,150.17,1563831243,46.61,52,9.13,0
Ankara,TR,39.92,32.85,1563831631,71.6,48,12.75,0
San Cristobal,EC,-1.02,-79.44,1563831303,86.21,52,3.76,2
Batagay-Alyta,RU,67.8,130.41,1563831895,47.69,56,2.82,31
Dombarovskiy,RU,50.76,59.54,1563831895,67.85,46,4.29,100
Chara,RU,56.9,118.26,1563831895,45.89,75,4.09,68
Mount Isa,AU,-20.73,139.49,1563831200,42.8,56,3.36,0
Nabire,ID,-3.36,135.5,1563831896,67.49,99,4.79,100
Isangel,VU,-19.55,169.27,1563831404,64.4,77,11.36,75
Kaeo,NZ,-35.1,173.78,1563831361,52.0,100,3.22,17
Phek,IN,25.7,94.46,1563831896,74.33,95,2.55,100
Talavera de la Reina,ES,39.96,-4.83,1563831897,84.0,39,1.01,9
Broken Hill,AU,-31.97,141.45,1563831897,50.0,43,11.41,0
Chumikan,RU,54.72,135.31,1563831897,48.05,96,6.2,100
Clyde River,CA,70.47,-68.59,1563831323,39.2,100,17.22,75
Aksu,KZ,52.04,76.93,1563831898,60.8,93,6.71,90
Eureka,US,40.8,-124.16,1563831800,69.01,82,4.7,75
Aquiraz,BR,-3.9,-38.39,1563831898,80.6,69,17.22,75
Petropavlovsk-Kamchatskiy,RU,53.05,158.65,1563831355,57.2,82,4.47,100
Solnechnyy,RU,50.72,136.64,1563831899,59.21,99,1.74,95
Qaqortoq,GL,60.72,-46.03,1563831899,59.0,54,8.05,75
Kysyl-Syr,RU,63.9,122.77,1563831337,54.35,60,3.74,0
Shimoda,JP,34.7,138.93,1563831390,75.99,100,5.82,75
Kimbe,PG,-5.56,150.15,1563831899,73.61,92,1.28,100
Ha Tinh,VN,18.33,105.9,1563831900,79.91,70,3.2,100
Mehriz,IR,31.58,54.44,1563831900,89.6,14,6.93,0
Tiznit,MA,29.7,-9.73,1563831410,67.67,91,7.65,0
Tucumcari,US,35.17,-103.73,1563831900,80.6,51,9.17,40
Kaka,TM,37.35,59.62,1563831900,83.15,11,4.99,0
Salaga,GH,8.55,-0.52,1563831901,77.57,81,3.4,67
Malkara,TR,40.89,26.9,1563831877,72.53,43,4.63,0
Longhua,CN,29.21,106.21,1563831901,71.27,97,5.35,100
Krasnyy Chikoy,RU,50.36,108.75,1563831901,57.23,94,3.98,100
Oum Hadjer,TD,13.3,19.7,1563831902,85.13,58,3.56,69
Tanout,NE,14.97,8.88,1563831902,93.05,32,8.75,45
Lagoa da Prata,BR,-20.02,-45.54,1563831902,66.05,60,4.21,100
Egvekinot,RU,66.32,-179.17,1563831195,44.45,91,8.1,100
La Ronge,CA,55.1,-105.3,1563831903,82.4,39,9.17,40
Necochea,AR,-38.55,-58.74,1563831328,45.0,91,1.01,61
Kaposvar,HU,46.37,17.8,1563831650,69.8,83,4.7,0
Grand-Lahou,CI,5.24,-5.0,1563831903,73.79,92,5.08,68
Vila Franca do Campo,PT,37.72,-25.43,1563831904,71.6,94,5.82,75
Riyadh,SA,24.63,46.72,1563831891,95.0,14,6.93,0
Pauini,BR,-7.71,-67.0,1563831905,90.53,41,2.71,12
Santa Marta,CO,11.24,-74.21,1563831869,95.0,50,11.41,40
Mapiripan,CO,2.89,-72.13,1563831906,83.51,65,1.48,87
Alpena,US,45.06,-83.43,1563831906,78.8,38,11.41,1
Shirokiy,RU,53.87,39.17,1563831906,57.99,83,3.71,74
Remiremont,FR,48.02,6.59,1563831906,73.4,88,1.12,0
Barabinsk,RU,55.35,78.35,1563831906,52.91,84,2.95,44
Kruisfontein,ZA,-34.0,24.73,1563831350,51.29,70,2.89,0
Gamba,GA,-2.72,10.02,1563831907,70.73,89,5.82,2
Poykovskiy,RU,61.23,73.33,1563831907,62.6,88,2.24,0
Vila do Maio,CV,15.13,-23.22,1563831340,80.6,65,9.17,75
Lluta,PE,-16.02,-72.01,1563831907,64.4,31,5.82,0
Seddon,NZ,-41.67,174.07,1563831908,48.0,100,4.27,0
Divo,CI,5.83,-5.36,1563831908,70.19,99,3.6,63
Acapulco,MX,16.86,-99.88,1563831339,89.6,62,6.93,40
Ballina,AU,-28.87,153.57,1563831908,55.99,93,7.11,75
Kargopol,RU,61.51,38.95,1563831909,53.99,88,3.31,0
Nadym,RU,65.53,72.51,1563831909,58.67,64,13.47,68
Takaka,NZ,-40.86,172.81,1563831909,48.99,91,1.05,61
Lavrentiya,RU,65.58,-170.99,1563831332,47.87,82,16.28,100
Comodoro Rivadavia,AR,-45.87,-67.48,1563831436,48.2,49,16.11,0
Svetlogorsk,RU,53.14,59.15,1563831910,60.8,77,6.71,75
Kota Kinabalu,MY,5.98,116.07,1563831910,77.0,88,4.7,75
Celestun,MX,20.87,-90.4,1563831910,82.61,80,18.63,100
Krasnaya Gorka,RU,55.19,56.67,1563831910,55.07,96,2.66,3
Malartic,CA,48.14,-78.13,1563831911,73.4,40,8.05,75
Rafai,CF,4.95,23.92,1563831911,69.29,88,2.17,100
Alugan,PH,12.22,125.48,1563831392,73.97,93,3.33,100
Shebunino,RU,57.66,40.04,1563831912,53.6,100,3.11,0
The Valley,AI,18.22,-63.06,1563831912,87.8,66,16.11,40
Mareeba,AU,-16.99,145.42,1563831335,70.0,83,16.11,75
Gazanjyk,TM,39.24,55.52,1563831385,94.67,10,11.63,0
Puerto Ayacucho,VE,5.66,-67.62,1563831912,87.8,62,3.36,40
Lebedinyy,RU,58.52,125.52,1563831912,50.21,80,5.12,100
Wanning,CN,18.8,110.4,1563831913,73.61,94,2.82,34
Sinnamary,GF,5.38,-52.96,1563831913,81.71,75,12.19,0
Kloulklubed,PW,7.04,134.26,1563831355,77.0,94,3.36,90
Sorong,ID,-0.86,131.25,1563831914,73.79,95,8.81,100
Kingisepp,RU,59.38,28.61,1563831914,60.11,66,4.27,38
Kieta,PG,-6.22,155.63,1563831914,78.11,79,5.37,74
Kibaya,TZ,-5.32,36.56,1563831915,54.35,63,5.5,0
Meulaboh,ID,4.14,96.13,1563831368,80.99,74,8.77,83
Raudeberg,NO,61.99,5.14,1563831915,59.0,100,17.22,75
Leningradskiy,RU,69.38,178.42,1563831347,37.43,93,6.29,94
Coronel Martinez,PY,-25.75,-56.62,1563831915,73.79,64,2.57,100
Kuopio,FI,62.89,27.68,1563831916,62.6,77,2.24,0
Hambantota,LK,6.12,81.12,1563831408,78.8,88,6.93,75
Ulladulla,AU,-35.36,150.48,1563831396,51.01,57,6.93,0
Kangaba,ML,11.94,-8.41,1563831916,77.93,79,3.0,35
Thamaga,BW,-24.68,25.54,1563831916,50.0,52,3.36,0
Kiruna,SE,67.86,20.23,1563831917,60.8,77,2.24,0
Whakatane,NZ,-37.96,176.99,1563831917,44.01,91,5.01,0
Pangnirtung,CA,66.15,-65.72,1563831917,41.0,100,3.36,90
Muroto,JP,33.37,134.14,1563831917,75.2,94,3.36,75
Jishou,CN,28.26,109.7,1563831918,74.33,96,2.44,100
Ko Samui,TH,9.54,99.94,1563831918,83.87,72,5.93,100
Itoman,JP,26.12,127.67,1563831918,82.4,78,2.24,75
Jiuquan,CN,39.73,98.49,1563831918,66.59,48,9.78,89
Orbetello,IT,42.44,11.21,1563831919,79.0,65,4.7,0
Aginskoye,RU,51.11,114.54,1563831919,53.99,93,1.52,70
Takhli,TH,15.26,100.34,1563831919,80.09,82,4.56,100
Mlonggo,ID,-6.53,110.7,1563831919,77.75,73,10.63,22
Otradnoye,RU,59.77,30.8,1563831351,60.8,67,2.91,0
Omboue,GA,-1.57,9.26,1563831920,74.33,87,17.94,8
Svogerslev,DK,55.63,12.01,1563831920,63.0,100,4.7,100
Loknya,RU,54.21,39.24,1563831921,57.99,83,4.5,55
Marsabit,KE,2.34,37.99,1563831921,82.79,47,12.71,100
Gulu,UG,2.77,32.3,1563831921,64.79,95,2.86,100
Adeje,ES,28.12,-16.73,1563831921,71.6,88,23.04,75
Flinders,AU,-34.58,150.85,1563831346,55.99,57,6.93,0
Pirgos,GR,35.12,25.72,1563831922,79.0,50,16.11,0
Aswan,EG,24.09,32.9,1563831343,91.4,19,11.41,0
El Estor,GT,15.53,-89.34,1563831922,90.35,44,5.17,0
Banda Aceh,ID,5.56,95.32,1563831922,83.33,71,7.07,100
Nuuk,GL,64.17,-51.74,1563831382,50.0,81,10.29,20
Samarai,PG,-10.62,150.67,1563831401,73.97,92,4.92,80
Macenta,GN,8.55,-9.47,1563831923,69.11,99,4.05,100
Kijang,ID,0.9,104.63,1563831923,79.01,79,4.85,55
Honningsvag,NO,70.98,25.97,1563831688,60.8,77,5.82,0
Loja,ES,37.17,-4.15,1563831923,87.8,33,16.11,20
Avanigadda,IN,16.02,80.92,1563831924,83.69,76,3.65,100
Saint-Leu,RE,-21.15,55.28,1563831420,64.4,82,5.82,0
Alice Springs,AU,-23.7,133.88,1563831924,41.0,56,4.7,0
Sibu,MY,2.29,111.83,1563831924,75.2,94,2.24,75
Amahai,ID,-3.31,129.0,1563831925,74.87,82,13.33,48
Mandera,KE,3.94,41.87,1563831437,82.99,62,5.99,75
San Ramon,BO,-13.27,-64.62,1563831925,89.6,55,6.93,20
Xichang,CN,27.88,102.25,1563831925,56.87,97,3.91,100
Northam,AU,-31.65,116.67,1563831415,44.6,93,5.82,25
Saint-Paul,RE,-21.01,55.27,1563831926,64.4,93,6.93,0
Paita,PE,-5.09,-81.11,1563831926,62.6,290,12.75,0
Fort Nelson,CA,58.81,-122.69,1563831371,75.2,50,4.7,40
Abnub,EG,27.27,31.15,1563831926,82.43,26,9.64,0
Manuk Mangkaw,PH,4.8,119.85,1563831927,82.07,76,7.38,89
Greer,US,34.94,-82.23,1563831785,91.4,70,3.36,1
Ponta Delgada,PT,37.73,-25.67,1563831927,71.6,94,5.82,75
Amalapuram,IN,16.58,82.0,1563831927,81.71,84,2.73,100
Tyazhinskiy,RU,56.11,88.52,1563831928,45.89,97,4.59,0
